cod_venda,cod_cliente,cod_produto,data_venda,qtd_vendida,valor_imposto
1,253,169,13-03-2022,34,22.12
2,252,134,19-02-2022,60,41.28
3,219,131,10-04-2022,6,43.03
4,208,139,27-07-2023,100,56.68
5,266,168,23-02-2022,66,35.35
6,256,171,17-02-2022,29,41.13
7,272,168,26-10-2022,43,32.97
8,257,163,15-08-2022,4,38.2
9,237,162,02-07-2023,2,17.07
10,263,177,22-02-2023,14,39.81
11,268,176,05-06-2023,10,38.84
12,290,183,26-04-2022,59,43.69
13,276,145,05-02-2022,60,27.64
14,277,103,18-02-2023,40,29.12
15,224,123,05-01-2022,78,45.56
16,220,112,01-07-2023,57,35.84
17,265,117,17-03-2023,54,29.64
18,299,158,19-12-2022,88,15.97
19,289,124,24-07-2022,46,23.36
20,278,199,19-05-2022,45,26.97
21,225,105,16-03-2023,41,30.04
22,297,175,19-07-2023,9,37.62
23,287,184,19-09-2022,70,35.13
24,283,129,28-01-2023,25,52.81
25,248,114,15-05-2023,9,23.87
26,218,178,15-05-2022,77,36.71
27,226,180,22-09-2022,77,56.58
28,213,123,12-08-2022,41,50.29
29,214,167,19-07-2023,7,36.51
30,292,171,26-08-2022,10,51.85
31,297,157,01-12-2021,92,52.87
32,243,115,04-07-2023,47,55.75
33,251,190,20-04-2023,6,30.69
34,276,158,23-05-2022,68,36.49
35,296,183,12-04-2023,97,24.98
36,214,152,31-05-2023,77,23.21
37,244,139,01-04-2022,86,48.25
38,276,172,24-02-2023,93,16.12
39,229,143,25-02-2022,37,33.08
40,282,157,17-02-2022,96,39.83
41,233,144,14-07-2023,11,32.24
42,224,168,29-05-2023,16,59.06
43,215,124,24-10-2022,30,50.89
44,247,113,30-04-2022,5,37.04
45,230,176,30-04-2023,10,52.1
46,255,168,08-07-2023,85,49.49
47,296,194,19-01-2023,66,53.58
48,296,164,18-10-2022,74,39.65
49,255,110,20-06-2023,58,56.21
50,205,136,08-07-2023,68,39.8
51,276,196,11-04-2023,33,29.41
52,211,139,12-01-2023,1,46.62
53,279,117,10-11-2022,41,52.51
54,277,127,09-11-2022,92,29.02
55,248,118,04-11-2022,95,24.67
56,236,113,23-11-2022,47,19.78
57,251,138,19-12-2022,16,22.4
58,280,137,12-02-2022,46,46.9
59,252,144,28-03-2022,99,32.9
60,250,102,14-04-2022,72,56.8
61,253,106,20-07-2023,34,19.32
62,233,132,01-04-2022,7,29.15
63,257,104,27-03-2022,9,50.24
64,289,112,28-08-2022,5,42.24
65,231,121,08-11-2022,0,54.13
66,260,177,27-12-2021,7,17.93
67,211,171,21-08-2022,63,27.82
68,204,152,23-03-2023,98,34.65
69,266,109,21-01-2023,82,17.31
70,300,133,20-04-2022,33,15.09
71,282,201,30-07-2023,83,56.31
72,225,174,16-12-2021,78,39.46
73,259,106,16-04-2022,42,19.61
74,278,172,29-09-2022,23,34.43
75,297,123,19-07-2022,80,23.61
76,287,140,04-12-2021,62,39.31
77,238,126,19-05-2023,47,33.72
78,246,186,24-05-2023,53,15.77
79,255,130,08-07-2022,4,46.72
80,218,155,18-06-2022,21,45.11
81,207,151,24-01-2022,1,22.82
82,223,110,17-02-2022,34,55.15
83,241,125,03-03-2022,36,48.63
84,282,189,13-08-2022,59,26.77
85,263,159,14-04-2022,95,25.31
86,275,200,13-06-2022,5,50.55
87,249,177,24-09-2022,91,49.88
88,211,109,28-01-2023,19,50.03
89,210,156,07-07-2022,41,54.75
90,225,181,11-01-2022,80,26.52
91,237,164,14-06-2023,53,41.11
92,227,159,10-02-2022,37,49.22
93,270,167,16-02-2022,37,38.87
94,280,163,11-06-2023,13,44.42
95,217,135,25-06-2023,47,15.82
96,247,198,31-03-2022,20,35.39
97,242,148,14-04-2023,15,55.5
98,239,159,15-01-2023,47,33.95
99,244,156,02-01-2022,65,41.86
100,278,177,27-08-2022,88,28.2
101,252,168,12-05-2022,14,51.83
102,203,147,19-07-2023,82,20.93
103,243,111,13-12-2022,27,58.41
104,224,125,10-07-2022,88,29.88
105,221,143,09-02-2022,95,21.06
106,247,189,07-05-2022,54,54.53
107,236,150,04-12-2022,37,46.58
108,290,138,07-03-2022,71,54.43
109,214,172,28-06-2023,39,45.1
110,291,178,30-01-2023,71,17.74
111,215,135,14-01-2023,96,55.76
112,255,181,10-09-2022,33,36.27
113,219,161,17-05-2023,59,15.46
114,237,116,20-01-2022,97,43.04
115,205,155,17-01-2023,83,28.1
116,243,108,19-07-2023,61,55.31
117,290,148,25-03-2023,19,23.83
118,289,193,02-09-2022,54,16.64
119,279,158,15-09-2022,0,31.93
120,224,160,28-07-2022,80,20.77
121,279,115,24-05-2022,15,45.58
122,204,109,25-04-2022,16,53.56
123,258,116,02-05-2023,13,43.53
124,267,171,28-07-2023,17,18.95
125,216,155,21-02-2022,52,25.21
126,273,143,04-12-2021,74,25.71
127,297,172,13-07-2023,31,46.77
128,211,145,02-12-2021,49,35.85
129,238,147,11-11-2022,81,51.33
130,258,146,06-05-2023,51,55.93
131,264,102,26-01-2023,40,19.16
132,298,133,14-03-2022,4,50.04
133,255,106,27-06-2022,42,35.03
134,242,142,07-06-2023,66,37.66
135,222,184,05-06-2022,33,53.26
136,276,197,29-12-2022,18,45.95
137,287,179,16-06-2023,16,34.58
138,254,188,04-01-2022,0,38.46
139,204,192,10-04-2023,40,28.92
140,223,111,28-10-2022,60,58.22
141,298,200,27-07-2023,29,42.77
142,251,163,05-11-2022,91,42.52
143,227,149,10-07-2022,57,17.36
144,218,161,08-04-2023,48,34.54
145,255,115,10-08-2022,72,42.03
146,269,179,31-03-2022,80,35.35
147,249,198,11-07-2022,98,19.93
148,268,174,24-04-2023,59,54.66
149,214,201,11-07-2022,11,32.61
150,255,155,01-01-2023,45,26.63
151,205,137,01-03-2022,100,59.86
152,204,134,07-04-2023,67,22.27
153,201,140,19-01-2022,20,40.51
154,244,112,22-08-2022,53,23.39
155,207,165,17-07-2022,33,52.39
156,267,123,03-01-2023,41,52.56
157,281,173,23-06-2022,14,49.58
158,230,121,25-07-2022,43,50.21
159,223,126,11-12-2022,9,18.54
160,208,184,10-01-2023,16,48.37
161,282,152,11-01-2023,12,18.87
162,298,137,08-05-2022,90,43.09
163,249,138,30-05-2023,71,54.34
164,299,149,08-04-2022,46,30.97
165,212,201,28-01-2022,39,47.21
166,222,157,04-02-2023,16,16.48
167,218,110,01-05-2022,46,35.74
168,254,180,27-06-2023,75,56.81
169,280,145,04-04-2022,96,18.8
170,273,168,25-06-2022,23,31.07
171,267,145,28-02-2023,21,56.48
172,290,138,26-07-2022,38,51.52
173,298,185,04-12-2021,12,18.71
174,267,134,24-10-2022,48,50.24
175,264,193,11-01-2023,58,53.51
176,228,193,28-07-2023,24,38.44
177,214,117,08-02-2022,85,23.97
178,288,172,14-03-2022,84,36.47
179,272,147,02-07-2023,42,20.18
180,264,170,20-02-2023,2,44.23
181,268,191,22-09-2022,13,37.94
182,240,190,10-05-2023,39,56.2
183,258,141,10-03-2023,10,55.3
184,212,194,08-03-2023,5,17.38
185,220,115,23-04-2022,86,38.9
186,259,165,08-07-2023,93,23.58
187,254,176,06-03-2022,32,49.97
188,238,117,13-11-2022,41,39.52
189,265,105,17-02-2023,39,31.5
190,267,188,12-01-2023,62,33.46
191,287,137,07-11-2022,82,41.24
192,247,101,06-02-2022,97,44.27
193,218,105,02-07-2022,74,23.02
194,236,140,24-09-2022,63,30.78
195,268,160,06-07-2023,0,22.86
196,272,164,14-05-2022,43,58.49
197,284,152,13-02-2023,32,20.16
198,232,167,31-01-2022,63,37.08
199,242,198,19-04-2022,17,30.02
200,291,133,04-01-2023,2,51.23
201,292,112,20-04-2022,71,31.31
202,281,179,25-06-2022,31,47.0
203,205,160,18-07-2023,34,41.31
204,234,166,05-10-2022,49,45.32
205,276,149,21-10-2022,89,57.67
206,251,146,04-09-2022,73,17.7
207,260,192,08-12-2022,7,57.9
208,223,132,05-06-2022,11,33.15
209,204,119,10-07-2022,91,17.32
210,233,134,18-06-2022,40,49.68
211,210,188,05-04-2022,2,17.22
212,233,187,22-04-2023,27,49.1
213,239,136,22-11-2022,66,54.93
214,288,112,01-04-2022,14,35.65
215,280,176,19-07-2022,41,35.99
216,233,155,02-04-2022,49,17.71
217,247,179,12-07-2022,6,53.39
218,295,105,02-01-2022,26,32.98
219,282,181,05-03-2023,99,59.34
220,207,158,09-06-2023,15,25.64
221,210,138,28-11-2022,77,39.92
222,268,195,10-07-2022,37,31.54
223,224,200,08-11-2022,76,42.27
224,287,171,25-06-2023,60,31.38
225,246,195,20-04-2022,77,25.96
226,267,176,12-12-2021,13,35.78
227,258,186,20-06-2022,34,57.55
228,262,105,07-01-2023,21,43.22
229,222,170,13-05-2023,43,23.12
230,202,157,12-10-2022,66,24.16
231,247,162,04-01-2023,40,21.67
232,256,170,16-05-2023,41,51.26
233,251,201,12-02-2022,35,37.43
234,233,109,16-12-2022,52,46.34
235,221,167,18-07-2023,47,51.32
236,271,145,12-06-2022,69,39.39
237,237,136,27-04-2023,49,32.76
238,261,161,12-05-2023,93,30.71
239,252,139,13-03-2022,65,34.98
240,228,110,11-04-2022,79,21.92
241,270,172,17-11-2022,79,47.73
242,261,133,12-02-2022,13,17.2
243,268,196,29-12-2022,0,29.72
244,237,178,30-11-2022,72,35.07
245,275,170,23-03-2023,48,33.03
246,246,119,07-01-2023,59,41.95
247,255,129,01-03-2023,52,17.01
248,293,122,26-06-2023,64,58.62
249,228,193,02-12-2021,51,26.35
250,294,125,27-02-2022,49,58.25
251,234,115,25-07-2023,24,57.59
252,300,151,09-05-2023,41,29.38
253,226,173,11-02-2022,49,27.88
254,213,112,20-11-2022,74,56.51
255,241,158,23-05-2022,94,37.96
256,217,105,06-01-2023,100,21.33
257,260,158,02-01-2022,7,24.26
258,225,159,24-02-2023,14,24.67
259,265,165,18-07-2023,12,33.75
260,224,129,27-11-2022,25,34.96
261,255,146,25-12-2021,94,49.24
262,243,135,23-01-2022,6,52.2
263,233,155,09-08-2022,38,49.81
264,237,158,04-05-2023,76,45.47
265,283,172,16-11-2022,34,34.62
266,253,111,27-03-2023,78,19.63
267,241,161,11-06-2022,2,31.39
268,227,186,08-01-2022,41,44.91
269,297,109,06-09-2022,59,37.17
270,219,118,22-11-2022,60,16.09
271,202,176,27-10-2022,31,53.5
272,228,160,27-12-2021,27,50.72
273,231,176,01-05-2022,58,30.25
274,246,142,22-12-2022,0,40.9
275,213,124,24-11-2022,70,34.42
276,204,185,06-06-2023,95,32.18
277,287,143,20-01-2022,90,21.16
278,204,191,14-03-2022,89,49.37
279,221,156,06-10-2022,48,26.05
280,281,126,17-07-2022,52,34.22
281,233,110,14-02-2023,11,17.37
282,236,127,08-02-2023,40,16.91
283,263,131,17-10-2022,3,35.76
284,263,150,01-04-2022,61,39.1
285,213,130,11-03-2022,10,35.58
286,271,154,23-10-2022,74,20.92
287,244,158,20-08-2022,43,42.97
288,223,179,17-01-2023,35,50.14
289,234,181,09-03-2022,21,35.61
290,259,138,08-01-2022,56,40.96
291,284,122,02-01-2023,10,54.17
292,251,182,26-11-2022,25,35.56
293,296,183,21-09-2022,18,16.31
294,210,199,05-04-2023,30,48.15
295,211,198,08-06-2023,61,59.92
296,234,122,28-03-2023,87,56.09
297,213,101,28-10-2022,4,15.83
298,250,195,26-01-2023,66,18.69
299,251,110,23-01-2023,70,32.51
300,267,126,18-05-2022,7,55.09
301,290,117,03-08-2022,47,50.35
302,270,117,31-03-2022,18,41.77
303,263,192,24-02-2022,35,22.52
304,215,103,05-05-2022,67,33.26
305,281,171,19-01-2023,33,55.6
306,232,131,01-10-2022,49,28.7
307,296,198,24-12-2022,46,53.4
308,211,151,03-06-2022,10,50.57
309,268,199,07-02-2023,65,58.93
310,257,133,30-04-2022,94,54.28
311,287,141,16-07-2022,11,33.41
312,276,116,04-02-2022,44,47.82
313,235,114,30-08-2022,92,52.12
314,292,182,27-04-2022,67,49.21
315,207,191,11-03-2023,89,43.3
316,232,192,12-03-2022,36,29.07
317,225,148,20-01-2023,68,57.39
318,202,126,06-02-2023,48,25.05
319,234,190,29-03-2022,32,25.34
320,273,190,13-09-2022,91,25.85
321,203,137,31-03-2022,31,36.64
322,274,140,05-01-2022,59,44.57
323,245,196,16-11-2022,19,38.75
324,295,183,29-05-2023,21,51.17
325,293,166,17-03-2023,87,27.19
326,288,198,05-01-2022,92,36.93
327,259,199,10-09-2022,95,46.15
328,292,172,08-07-2022,86,24.18
329,237,168,02-10-2022,81,33.29
330,237,179,06-11-2022,54,51.86
331,255,178,14-06-2023,51,48.35
332,275,149,19-12-2021,99,59.37
333,257,171,08-01-2022,58,29.22
334,230,133,23-01-2023,16,59.7
335,259,131,17-07-2022,95,42.71
336,209,189,09-05-2023,93,42.0
337,225,136,23-08-2022,19,47.18
338,202,194,21-07-2023,81,50.36
339,222,160,18-10-2022,9,54.65
340,227,131,27-06-2023,42,29.53
341,256,130,16-01-2023,80,37.2
342,222,146,27-08-2022,88,50.88
343,221,136,28-09-2022,12,30.94
344,242,108,23-07-2023,71,27.94
345,296,136,17-12-2022,38,43.14
346,227,163,09-08-2022,26,16.71
347,274,106,09-12-2022,34,23.13
348,250,184,05-08-2022,58,16.29
349,252,125,03-10-2022,37,34.45
350,250,114,09-11-2022,37,46.03
351,247,121,11-01-2023,88,22.66
352,295,136,20-05-2022,45,55.63
353,230,152,12-04-2023,80,21.12
354,238,133,29-09-2022,82,15.64
355,268,182,24-04-2022,92,18.35
356,218,105,07-09-2022,96,34.97
357,283,144,17-09-2022,28,30.87
358,289,105,06-06-2022,91,17.88
359,207,199,26-07-2023,31,35.25
360,265,174,26-04-2023,97,31.11
361,261,142,24-03-2023,26,39.94
362,249,190,07-04-2023,15,39.85
363,284,139,02-03-2022,15,49.44
364,219,157,05-05-2023,91,58.02
365,269,114,06-01-2023,78,51.01
366,292,170,10-07-2023,82,41.08
367,244,154,09-02-2022,66,26.41
368,250,144,24-07-2023,15,19.93
369,221,180,05-03-2022,49,26.87
370,260,179,24-04-2022,96,36.0
371,207,172,25-04-2023,57,57.3
372,296,111,26-03-2023,1,21.03
373,287,184,23-10-2022,59,43.53
374,202,171,23-12-2021,47,44.69
375,253,188,07-11-2022,10,45.66
376,222,102,08-03-2023,92,42.94
377,247,163,24-08-2022,27,17.98
378,266,183,26-10-2022,7,22.45
379,265,164,22-03-2022,52,17.59
380,232,197,16-04-2022,57,51.01
381,225,101,07-07-2022,88,18.8
382,293,144,02-05-2022,52,19.63
383,207,171,20-03-2023,73,59.83
384,243,164,02-05-2023,87,35.16
385,228,192,06-05-2022,91,50.22
386,275,199,17-07-2022,11,36.22
387,252,159,06-04-2023,67,42.31
388,267,101,29-03-2023,85,35.4
389,285,106,29-06-2023,51,49.22
390,277,194,01-07-2023,12,56.28
391,265,183,16-06-2022,99,44.59
392,254,127,24-05-2023,89,56.67
393,201,119,26-01-2022,51,26.84
394,204,193,18-04-2022,59,22.95
395,246,158,25-05-2023,91,43.7
396,251,193,07-09-2022,100,34.21
397,282,198,23-12-2022,95,22.63
398,247,101,30-05-2023,61,20.17
399,265,144,12-05-2023,27,47.94
400,287,125,21-12-2022,23,40.95
401,292,190,28-08-2022,42,55.26
402,230,178,27-06-2023,34,25.81
403,275,102,18-06-2022,74,41.19
404,284,128,20-05-2022,65,26.23
405,283,147,29-03-2022,83,29.82
406,269,137,18-07-2022,30,15.83
407,208,173,25-01-2023,32,43.8
408,279,121,10-01-2023,90,41.21
409,257,105,29-12-2022,45,36.56
410,274,188,27-07-2022,71,39.87
411,255,180,25-03-2023,1,33.34
412,289,158,05-03-2023,23,51.87
413,228,160,12-12-2021,69,47.58
414,292,142,22-07-2023,7,43.71
415,298,187,22-12-2021,83,45.86
416,213,188,18-02-2023,75,45.5
417,207,132,01-09-2022,87,50.99
418,273,196,18-04-2023,24,59.93
419,284,121,04-07-2022,50,24.63
420,260,127,11-06-2022,98,48.41
421,295,146,14-12-2022,22,40.38
422,254,164,01-06-2022,94,39.91
423,263,197,14-06-2022,42,32.1
424,264,184,11-06-2022,94,35.38
425,239,164,21-03-2023,100,53.52
426,233,159,20-04-2023,10,51.76
427,238,142,20-07-2022,41,55.92
428,205,125,18-09-2022,49,53.49
429,291,143,06-05-2022,57,53.75
430,223,191,22-02-2022,31,18.19
431,286,105,12-04-2023,69,24.93
432,283,122,14-02-2022,82,51.03
433,282,132,27-06-2022,22,44.35
434,240,101,29-05-2023,83,22.95
435,229,125,07-06-2023,31,31.04
436,214,154,04-03-2023,45,42.01
437,300,176,17-05-2022,22,56.64
438,253,106,28-05-2023,98,57.13
439,221,197,21-09-2022,94,23.2
440,218,151,26-04-2023,84,55.87
441,248,162,23-05-2023,5,39.46
442,219,188,05-03-2023,83,32.51
443,231,110,06-12-2022,99,24.51
444,251,165,20-01-2023,94,21.34
445,257,142,14-10-2022,65,58.41
446,234,125,12-07-2023,80,43.24
447,282,167,20-12-2021,43,33.12
448,238,115,06-07-2023,70,22.95
449,295,137,20-06-2023,32,57.42
450,276,191,14-09-2022,40,43.14
451,282,173,26-05-2022,30,37.67
452,299,136,24-06-2022,50,30.15
453,226,171,01-03-2023,29,58.88
454,245,145,24-10-2022,89,18.38
455,243,139,02-03-2022,80,29.73
456,297,139,23-05-2023,91,37.18
457,273,197,23-05-2022,96,35.46
458,272,116,09-05-2023,77,29.28
459,244,173,03-04-2023,70,38.84
460,299,169,04-05-2022,95,20.4
461,264,120,04-04-2022,69,18.96
462,206,104,25-03-2023,8,42.39
463,224,143,15-01-2022,57,48.52
464,234,143,06-01-2022,51,31.85
465,227,108,25-07-2023,70,17.3
466,216,127,20-03-2023,80,17.74
467,265,197,25-06-2023,35,51.47
468,225,162,21-04-2023,95,53.02
469,245,109,18-11-2022,52,27.17
470,230,135,13-01-2022,40,33.68
471,277,158,02-06-2022,95,42.94
472,272,129,07-05-2023,90,36.19
473,241,103,28-09-2022,56,21.13
474,254,139,05-07-2022,7,20.19
475,216,188,23-04-2022,62,53.04
476,280,169,06-07-2023,18,49.28
477,258,136,26-01-2023,93,21.49
478,240,103,02-01-2023,50,28.85
479,270,167,23-08-2022,74,51.39
480,221,182,11-02-2023,18,25.89
481,258,130,25-08-2022,81,26.61
482,217,165,16-02-2023,68,38.55
483,290,106,02-12-2021,84,22.0
484,275,178,16-12-2022,80,39.98
485,269,147,02-06-2023,33,21.6
486,271,174,20-06-2023,18,60.0
487,253,193,04-03-2022,35,50.16
488,292,103,31-01-2023,88,35.08
489,227,188,05-04-2022,49,50.78
490,202,193,05-04-2023,53,50.68
491,206,179,21-05-2022,25,39.29
492,266,113,10-08-2022,10,34.63
493,269,111,09-02-2023,17,32.23
494,268,154,25-11-2022,86,55.83
495,293,158,04-01-2022,8,32.54
496,249,136,02-12-2021,58,27.25
497,228,130,20-07-2022,100,42.34
498,280,172,17-06-2023,84,23.54
499,281,167,25-03-2023,74,42.76
500,227,152,23-12-2022,55,30.65
501,290,161,11-06-2023,92,49.59
502,284,164,07-08-2022,85,37.65
503,214,121,15-07-2022,80,58.7
504,236,123,16-07-2023,26,37.69
505,220,131,09-04-2023,12,29.0
506,215,182,09-05-2023,63,43.44
507,212,165,27-06-2023,6,37.72
508,248,138,30-03-2023,3,17.49
509,251,142,11-03-2022,68,54.07
510,287,171,02-05-2022,69,46.82
511,204,155,29-05-2022,95,24.31
512,257,178,17-05-2022,96,26.05
513,218,135,04-04-2022,82,45.38
514,251,171,26-12-2021,86,21.65
515,229,102,23-05-2022,70,21.04
516,205,153,27-05-2023,64,28.39
517,217,106,12-12-2021,45,20.66
518,284,147,14-02-2022,69,21.01
519,264,191,26-09-2022,35,57.13
520,258,185,28-08-2022,66,47.59
521,285,172,05-06-2022,30,17.63
522,277,186,28-10-2022,21,32.14
523,247,149,19-11-2022,100,41.66
524,272,128,13-02-2022,87,48.24
525,254,156,16-04-2023,97,21.14
526,260,166,02-11-2022,16,23.38
527,299,130,22-12-2021,32,26.42
528,287,116,21-05-2023,69,43.7
529,300,154,01-10-2022,81,45.26
530,234,194,13-12-2021,16,27.36
531,273,169,23-11-2022,76,47.71
532,256,110,25-04-2022,85,46.2
533,288,142,13-09-2022,25,31.37
534,237,157,06-01-2022,56,39.83
535,280,145,21-03-2022,54,59.71
536,211,177,15-10-2022,43,35.22
537,203,186,01-12-2022,98,28.5
538,233,183,12-12-2022,20,59.77
539,213,195,25-07-2022,96,54.33
540,223,154,28-02-2023,31,41.14
541,272,175,13-05-2023,18,39.07
542,281,159,16-05-2022,31,23.3
543,245,189,26-01-2022,23,30.26
544,216,113,29-05-2023,48,19.7
545,280,150,26-06-2023,38,43.23
546,246,102,05-11-2022,89,41.36
547,275,201,07-09-2022,50,54.5
548,288,196,26-01-2023,51,29.87
549,297,158,28-02-2022,86,59.13
550,296,146,15-02-2022,73,19.16
551,233,134,22-03-2023,65,56.17
552,262,139,14-10-2022,14,39.73
553,213,140,02-02-2023,69,35.69
554,203,161,31-01-2022,0,26.31
555,223,103,17-11-2022,30,43.57
556,277,149,26-04-2023,9,46.01
557,296,176,11-02-2022,62,44.83
558,279,101,04-12-2021,8,33.31
559,207,184,21-06-2022,1,37.67
560,240,125,26-01-2022,30,23.98
561,255,109,14-03-2022,71,44.25
562,285,142,29-08-2022,25,20.56
563,278,116,07-02-2022,61,18.62
564,211,154,03-02-2022,70,35.77
565,254,132,26-11-2022,17,18.5
566,279,103,06-06-2022,44,15.24
567,221,181,11-05-2022,78,27.89
568,297,180,20-02-2023,69,55.59
569,242,181,05-03-2022,3,58.21
570,236,123,21-10-2022,28,35.85
571,243,177,26-02-2022,68,43.71
572,280,109,12-04-2022,90,47.47
573,289,175,11-03-2023,44,36.18
574,218,175,27-05-2022,21,44.48
575,214,108,02-01-2022,2,46.65
576,231,118,24-04-2023,53,31.06
577,254,163,13-04-2023,49,58.38
578,257,138,20-02-2023,69,47.8
579,252,131,04-06-2023,38,44.96
580,292,191,15-07-2023,58,38.7
581,284,124,29-04-2023,80,39.96
582,278,137,12-03-2022,85,47.11
583,256,182,19-01-2023,53,39.89
584,206,161,16-05-2022,78,22.68
585,294,159,04-09-2022,51,30.93
586,255,126,27-01-2022,83,26.04
587,236,101,22-07-2022,86,24.94
588,286,117,08-01-2023,86,58.43
589,288,147,20-07-2022,12,16.74
590,265,107,06-03-2022,23,15.08
591,275,189,04-12-2022,54,47.4
592,263,102,14-07-2023,6,44.93
593,218,169,21-05-2022,82,20.96
594,214,103,04-07-2023,30,16.13
595,205,135,01-01-2022,57,45.58
596,222,166,28-01-2022,88,43.7
597,298,141,02-03-2023,25,21.83
598,289,109,04-04-2023,0,59.91
599,278,183,17-02-2022,31,36.68
600,258,199,16-01-2023,71,58.26
601,292,116,31-01-2022,17,31.08
602,266,171,03-04-2023,0,50.3
603,257,176,21-06-2022,10,49.64
604,218,161,01-10-2022,43,36.23
605,251,162,07-01-2022,27,38.12
606,269,186,06-05-2022,64,52.63
607,217,122,24-06-2022,91,18.07
608,235,121,08-04-2022,17,48.2
609,276,135,11-11-2022,79,16.38
610,267,183,03-12-2021,50,46.83
611,261,183,11-06-2023,43,38.55
612,234,196,12-01-2023,47,27.14
613,251,183,27-12-2022,17,27.83
614,256,104,15-10-2022,9,33.97
615,292,117,12-04-2022,40,59.61
616,286,124,04-12-2021,52,34.88
617,276,135,05-09-2022,9,34.46
618,259,111,27-03-2023,58,17.91
619,211,118,25-09-2022,62,34.16
620,270,150,23-01-2022,17,51.41
621,272,155,31-12-2021,54,37.57
622,231,160,04-12-2021,90,35.59
623,253,136,05-03-2022,74,50.66
624,239,196,16-11-2022,86,39.85
625,291,120,23-05-2023,78,46.97
626,202,137,15-09-2022,1,18.05
627,254,128,25-03-2023,19,27.91
628,281,125,08-07-2022,32,46.99
629,279,164,12-09-2022,33,30.85
630,289,137,02-04-2022,7,43.93
631,225,106,04-12-2022,38,55.04
632,263,114,31-03-2023,81,22.77
633,233,159,13-08-2022,5,26.33
634,226,110,21-05-2023,64,23.32
635,269,103,11-08-2022,51,26.17
636,258,105,12-06-2023,17,15.85
637,294,137,27-10-2022,74,59.53
638,212,129,07-08-2022,37,23.3
639,210,126,02-05-2022,47,24.13
640,224,124,24-05-2023,43,27.7
641,205,163,09-04-2023,75,40.93
642,216,183,14-12-2022,8,57.09
643,264,134,16-08-2022,3,52.57
644,224,155,03-12-2021,25,42.25
645,262,168,02-03-2023,45,49.04
646,276,147,15-03-2022,46,28.92
647,260,138,10-04-2023,36,23.92
648,289,178,11-11-2022,79,22.23
649,262,107,26-03-2023,27,41.43
650,220,102,01-06-2023,10,58.58
651,276,164,27-06-2022,1,55.84
652,214,187,18-04-2023,18,50.42
653,253,157,27-12-2021,95,59.68
654,248,169,03-06-2022,100,25.53
655,242,134,17-02-2023,22,51.6
656,247,148,26-04-2023,41,52.64
657,204,151,26-02-2022,4,15.62
658,287,195,22-05-2023,78,36.82
659,219,124,01-01-2022,39,52.08
660,257,112,26-05-2023,15,45.79
661,233,188,23-12-2022,1,31.97
662,205,174,26-06-2023,64,53.87
663,205,141,10-06-2023,50,43.5
664,220,170,24-03-2023,25,35.36
665,260,196,17-06-2023,84,43.26
666,238,113,24-01-2023,35,21.26
667,220,164,29-03-2023,1,57.22
668,287,155,01-03-2022,25,28.58
669,272,171,03-12-2022,66,46.64
670,274,127,11-05-2022,62,42.09
671,226,182,25-07-2022,47,16.38
672,275,121,15-12-2021,23,56.4
673,227,120,08-09-2022,56,58.75
674,233,151,21-04-2022,20,58.89
675,236,112,17-08-2022,55,57.56
676,290,147,19-02-2023,99,29.34
677,256,187,05-03-2023,26,26.99
678,214,178,07-02-2023,26,19.89
679,251,163,09-11-2022,76,26.22
680,219,108,14-02-2023,99,27.89
681,277,160,20-03-2023,36,35.53
682,232,119,23-03-2023,38,17.98
683,213,181,17-06-2022,54,29.36
684,300,164,29-01-2022,76,55.15
685,257,180,25-04-2023,42,29.37
686,297,191,25-12-2021,70,33.74
687,235,111,26-06-2022,36,30.28
688,249,185,19-01-2023,78,53.19
689,280,114,26-07-2022,58,20.49
690,268,155,28-02-2023,95,34.99
691,246,136,25-09-2022,74,22.84
692,218,133,09-12-2021,62,42.69
693,237,179,23-01-2022,68,53.28
694,238,131,26-01-2023,81,24.03
695,247,189,23-12-2021,33,24.57
696,300,128,02-04-2022,75,15.57
697,253,102,22-04-2023,87,18.91
698,268,142,03-08-2022,78,39.33
699,235,121,10-02-2023,32,43.13
700,281,193,17-10-2022,7,48.06
701,292,161,08-03-2023,28,41.39
702,264,130,15-03-2023,84,51.61
703,205,130,01-11-2022,17,43.23
704,237,197,14-04-2023,23,52.62
705,201,127,18-03-2023,48,20.51
706,272,139,19-07-2022,47,27.64
707,256,200,26-03-2022,38,59.07
708,203,158,18-06-2022,17,38.02
709,272,105,03-11-2022,90,19.98
710,201,120,31-03-2022,68,24.47
711,238,128,12-08-2022,90,50.56
712,278,134,23-02-2022,6,18.88
713,236,117,18-02-2023,70,36.13
714,210,189,28-11-2022,2,48.48
715,289,120,12-02-2022,16,21.04
716,259,186,14-12-2022,21,21.85
717,247,125,22-10-2022,2,23.35
718,265,136,21-12-2021,61,29.82
719,218,190,13-01-2022,34,54.77
720,221,188,03-04-2023,42,28.51
721,251,134,18-03-2022,30,46.11
722,286,178,15-06-2023,82,34.8
723,271,135,22-07-2022,79,53.65
724,261,200,04-03-2022,48,20.19
725,288,192,17-05-2022,96,50.48
726,289,153,17-02-2023,0,45.72
727,285,199,27-01-2022,71,55.69
728,293,194,17-03-2022,68,40.22
729,296,134,04-05-2023,40,38.19
730,259,180,27-12-2022,88,48.6
731,273,146,28-06-2023,51,52.57
732,224,158,09-10-2022,1,57.17
733,239,180,09-11-2022,87,45.5
734,224,121,14-04-2023,68,43.22
735,209,176,07-04-2022,82,41.14
736,234,192,08-05-2022,16,17.88
737,281,186,22-12-2022,12,57.42
738,251,101,16-05-2023,7,54.63
739,237,180,23-01-2023,84,25.72
740,272,173,21-02-2022,17,36.1
741,298,195,05-05-2023,9,56.43
742,283,132,14-06-2023,74,48.24
743,285,167,15-02-2022,66,39.6
744,239,108,18-07-2023,64,33.6
745,248,156,10-04-2023,10,16.45
746,238,145,15-06-2022,61,52.67
747,275,179,10-05-2022,3,55.91
748,284,116,16-07-2023,86,57.27
749,225,138,02-05-2023,9,31.44
750,290,120,26-06-2022,36,42.13
751,232,150,11-12-2022,82,36.67
752,253,197,22-10-2022,27,27.89
753,285,190,18-10-2022,6,41.86
754,264,195,22-06-2022,9,17.49
755,263,101,03-06-2023,8,58.6
756,299,117,19-01-2022,89,30.21
757,271,152,02-05-2023,24,58.96
758,217,198,24-05-2023,46,32.82
759,286,184,09-03-2022,95,50.5
760,267,137,16-04-2022,91,55.67
761,209,180,14-07-2023,96,39.27
762,230,115,02-02-2022,22,25.04
763,297,145,26-05-2022,19,56.38
764,273,178,22-02-2023,34,46.91
765,227,184,24-03-2023,32,31.15
766,221,122,01-06-2023,13,24.42
767,261,197,19-03-2022,19,46.05
768,284,179,09-07-2022,13,21.81
769,262,109,22-08-2022,65,26.25
770,242,187,03-05-2023,37,40.46
771,258,139,23-07-2023,61,53.53
772,240,161,15-03-2023,64,27.89
773,219,193,10-10-2022,82,15.09
774,203,186,29-09-2022,43,46.12
775,299,128,24-05-2022,7,24.14
776,217,130,14-06-2022,49,34.47
777,234,151,04-03-2023,2,45.87
778,260,184,28-03-2023,86,23.33
779,256,115,30-11-2022,9,36.01
780,228,180,13-08-2022,1,56.11
781,244,142,19-03-2022,3,27.66
782,231,131,05-02-2023,30,25.77
783,220,140,16-01-2023,26,35.98
784,264,111,29-07-2022,56,16.92
785,215,151,14-07-2023,81,20.74
786,225,107,27-12-2022,27,17.31
787,296,152,05-12-2021,5,16.42
788,277,164,28-12-2021,26,23.65
789,204,176,17-01-2023,100,31.68
790,285,195,07-11-2022,85,50.31
791,262,138,25-07-2022,88,48.79
792,248,107,09-05-2022,6,26.0
793,240,155,31-03-2022,84,28.04
794,241,181,24-11-2022,5,50.59
795,222,184,03-10-2022,52,52.12
796,204,140,27-02-2022,90,23.74
797,239,181,24-06-2022,3,28.42
798,222,102,27-03-2022,74,22.7
799,250,111,13-02-2023,22,40.65
800,234,186,29-07-2023,73,49.39
801,297,188,18-06-2023,98,36.98
802,238,167,12-10-2022,23,43.95
803,296,112,23-03-2022,56,59.54
804,250,128,01-07-2022,5,30.93
805,233,157,14-06-2023,83,26.88
806,263,118,07-12-2021,53,53.99
807,249,110,14-06-2023,46,38.19
808,237,196,13-02-2022,98,26.25
809,295,167,21-05-2023,86,28.36
810,218,176,17-04-2023,32,22.12
811,282,178,23-01-2023,98,50.7
812,255,126,06-08-2022,75,44.1
813,280,189,21-09-2022,36,44.55
814,265,142,11-02-2022,29,52.89
815,289,126,24-10-2022,96,38.39
816,285,180,18-01-2022,89,33.79
817,242,123,10-02-2022,38,23.25
818,256,138,01-06-2023,88,37.51
819,294,144,07-09-2022,52,55.43
820,247,153,23-12-2022,14,51.1
821,254,159,30-01-2023,80,41.82
822,238,159,27-05-2023,87,36.46
823,244,102,09-01-2022,22,16.42
824,214,136,15-09-2022,100,18.65
825,222,119,17-04-2022,1,15.68
826,276,103,25-12-2021,44,40.33
827,202,123,16-01-2023,36,45.31
828,262,115,20-02-2022,10,55.97
829,238,170,01-07-2023,54,52.09
830,204,172,24-12-2021,42,42.09
831,285,170,21-05-2022,95,26.65
832,202,136,27-01-2022,98,58.2
833,238,128,05-12-2021,72,15.3
834,255,152,01-06-2023,98,29.39
835,236,195,25-05-2022,63,30.05
836,266,145,30-12-2021,89,40.19
837,229,172,11-05-2023,3,52.39
838,288,107,27-05-2022,40,39.85
839,300,132,03-02-2023,30,55.4
840,297,152,02-08-2022,49,16.32
841,204,115,01-01-2022,90,21.52
842,296,167,21-12-2022,53,53.43
843,219,127,23-11-2022,0,40.24
844,228,117,11-01-2022,77,21.28
845,288,163,01-02-2022,6,28.88
846,202,176,27-05-2022,82,49.36
847,295,135,13-05-2022,34,43.56
848,261,181,05-05-2023,96,30.98
849,221,171,14-01-2022,46,42.61
850,244,132,20-06-2023,56,56.67
851,286,138,22-10-2022,50,28.0
852,228,186,15-10-2022,72,38.41
853,295,102,04-04-2023,70,29.33
854,207,105,25-04-2022,57,16.12
855,260,107,19-06-2023,48,25.87
856,284,114,24-01-2023,69,39.36
857,219,193,24-02-2023,78,16.02
858,238,136,12-05-2022,15,32.09
859,243,144,08-11-2022,51,46.7
860,216,195,27-01-2022,17,23.93
861,267,197,07-04-2023,32,24.62
862,271,162,16-04-2023,9,30.74
863,221,118,08-07-2023,82,45.84
864,266,142,08-06-2023,31,33.29
865,242,196,27-04-2023,47,22.07
866,216,104,28-05-2023,86,31.44
867,231,127,10-11-2022,79,59.84
868,209,140,23-05-2023,64,50.55
869,290,128,27-06-2023,96,49.7
870,232,193,26-04-2023,66,47.69
871,220,131,29-07-2022,12,51.17
872,281,121,27-01-2023,52,20.54
873,218,123,02-04-2022,63,41.33
874,293,171,03-11-2022,88,37.75
875,251,105,07-01-2022,74,38.5
876,213,176,21-08-2022,87,37.9
877,217,197,26-11-2022,40,55.21
878,291,123,06-09-2022,58,52.61
879,295,165,18-07-2022,66,30.42
880,223,112,17-12-2022,87,33.8
881,280,149,10-01-2022,72,38.04
882,219,136,13-09-2022,7,18.69
883,215,195,25-08-2022,99,28.16
884,258,132,24-07-2022,12,40.61
885,273,195,25-02-2023,100,21.76
886,218,150,04-03-2023,41,25.36
887,292,124,14-01-2023,28,31.95
888,261,193,01-12-2022,80,27.82
889,293,117,08-04-2023,91,34.62
890,287,156,09-04-2023,16,41.69
891,296,179,27-03-2023,45,27.13
892,235,112,01-06-2022,39,54.78
893,282,112,19-01-2023,65,52.41
894,273,150,04-04-2022,28,58.59
895,276,190,13-07-2022,79,18.87
896,205,142,04-04-2022,81,45.84
897,258,149,16-08-2022,41,53.51
898,230,197,04-12-2021,98,17.59
899,257,135,13-02-2023,79,17.31
900,233,188,11-05-2023,51,48.56
901,285,186,01-08-2022,81,49.68
902,271,128,04-08-2022,51,30.92
903,206,174,17-04-2022,21,15.5
904,282,162,21-06-2022,26,59.15
905,265,200,22-02-2022,49,32.27
906,206,180,17-03-2023,0,31.33
907,286,150,05-04-2022,18,27.82
908,295,148,23-05-2022,30,36.77
909,286,125,30-04-2023,48,16.59
910,248,195,03-04-2022,62,46.35
911,298,194,27-08-2022,94,37.4
912,272,152,21-10-2022,59,37.51
913,217,143,30-05-2022,7,19.29
914,217,198,19-03-2022,17,28.01
915,257,127,18-12-2022,18,55.39
916,265,198,26-11-2022,63,51.28
917,230,128,03-05-2022,80,56.55
918,246,104,16-04-2022,92,22.87
919,212,102,27-03-2023,32,15.19
920,273,183,24-05-2023,88,45.17
921,262,134,18-01-2022,52,40.62
922,225,129,13-11-2022,64,43.4
923,285,162,09-01-2023,4,25.24
924,219,195,05-11-2022,34,42.59
925,300,160,22-06-2023,24,50.36
926,274,124,22-05-2022,71,39.49
927,263,170,05-12-2021,54,52.08
928,294,192,20-01-2022,5,26.99
929,274,110,03-03-2022,72,31.12
930,268,143,04-03-2023,38,49.48
931,221,154,15-06-2023,80,16.74
932,279,142,18-07-2023,99,34.64
933,248,101,25-08-2022,81,53.2
934,221,169,12-05-2022,62,19.45
935,202,139,04-12-2021,99,39.33
936,267,164,29-12-2021,21,36.1
937,283,191,30-03-2023,20,57.53
938,258,133,16-09-2022,9,15.35
939,219,118,04-09-2022,34,31.67
940,245,201,15-12-2021,81,31.34
941,222,125,18-04-2022,39,33.44
942,291,138,19-09-2022,69,42.41
943,217,155,10-07-2022,42,37.75
944,271,117,10-05-2022,44,51.38
945,215,141,04-01-2023,67,51.49
946,205,195,06-06-2023,4,26.53
947,254,137,26-02-2023,55,56.03
948,272,180,20-03-2022,31,46.3
949,249,154,04-07-2022,48,19.4
950,255,133,16-05-2022,49,20.32
951,245,189,27-07-2023,63,21.01
952,248,188,22-01-2023,40,35.65
953,287,117,18-04-2023,45,16.28
954,284,135,09-05-2022,90,24.66
955,222,119,01-10-2022,56,52.0
956,209,161,18-12-2022,93,49.43
957,250,181,19-12-2022,59,31.4
958,211,183,21-01-2022,37,35.66
959,232,143,12-12-2021,24,38.01
960,231,145,26-02-2023,9,29.38
961,230,197,30-11-2022,28,41.84
962,201,111,24-04-2022,52,41.06
963,260,123,08-03-2022,0,36.61
964,285,108,12-08-2022,40,25.47
965,205,148,14-12-2021,39,26.2
966,236,132,21-04-2023,49,56.93
967,208,169,28-04-2022,6,50.26
968,229,145,07-01-2023,33,35.13
969,245,106,10-06-2023,41,49.74
970,250,146,13-08-2022,92,59.18
971,262,189,07-01-2022,60,36.81
972,208,171,06-07-2022,35,37.36
973,278,162,14-04-2022,60,35.03
974,281,193,26-07-2022,34,19.49
975,244,114,20-07-2022,60,46.5
976,286,194,24-06-2023,57,45.15
977,280,112,25-10-2022,44,29.18
978,211,112,26-01-2023,69,41.87
979,281,146,17-11-2022,76,20.51
980,231,135,19-07-2023,5,15.11
981,222,104,31-05-2022,65,56.23
982,214,122,14-07-2023,7,46.21
983,219,106,05-07-2022,81,20.64
984,206,190,26-12-2021,42,39.58
985,211,143,12-05-2022,75,57.18
986,299,120,17-10-2022,32,55.0
987,229,189,16-12-2021,41,52.73
988,237,109,04-06-2023,73,56.24
989,237,158,02-01-2022,50,29.31
990,206,152,27-04-2023,58,49.15
991,211,106,04-07-2022,19,41.66
992,201,190,02-12-2021,71,41.04
993,281,131,05-02-2022,96,54.38
994,201,130,16-03-2022,91,29.34
995,210,191,02-06-2023,4,31.46
996,259,154,23-05-2023,86,17.47
997,235,109,25-01-2023,37,53.79
998,251,177,03-01-2022,39,36.56
999,239,187,16-07-2023,21,38.05
1000,238,156,25-04-2023,79,35.69
